,subj,roi_name,Mapping,Mean Accuracy,Stage
0,GA01,n200_c1-1_L_M1,Unpracticed,0.31597222222222227,Early
1,GA01,n200_c1-1_L_M1,Unpracticed,0.3645833333333333,Late
2,GA01,n200_c1-1_L_M1,Practiced,0.3680555555555556,Early
3,GA01,n200_c1-1_L_M1,Practiced,0.3263888888888889,Late
4,GA01,n200_c1-2_L_S1,Unpracticed,0.4201388888888889,Early
5,GA01,n200_c1-2_L_S1,Unpracticed,0.4131944444444444,Late
6,GA01,n200_c1-2_L_S1,Practiced,0.3576388888888889,Early
7,GA01,n200_c1-2_L_S1,Practiced,0.37847222222222227,Late
8,GA01,n200_c1_L_Postcentral,Unpracticed,0.4131944444444444,Early
9,GA01,n200_c1_L_Postcentral,Unpracticed,0.40625,Late
10,GA01,n200_c1_L_Postcentral,Practiced,0.37847222222222227,Early
11,GA01,n200_c1_L_Postcentral,Practiced,0.3923611111111111,Late
12,GA01,n200_c2_R_CerebellumIV-V,Unpracticed,0.31597222222222227,Early
13,GA01,n200_c2_R_CerebellumIV-V,Unpracticed,0.3159722222222222,Late
14,GA01,n200_c2_R_CerebellumIV-V,Practiced,0.2604166666666667,Early
15,GA01,n200_c2_R_CerebellumIV-V,Practiced,0.2604166666666667,Late
16,GA01,n200_c3_R_Postcentral,Unpracticed,0.3333333333333333,Early
17,GA01,n200_c3_R_Postcentral,Unpracticed,0.34375,Late
18,GA01,n200_c3_R_Postcentral,Practiced,0.3125,Early
19,GA01,n200_c3_R_Postcentral,Practiced,0.3194444444444444,Late
20,GA01,n200_c4_L_Putamen,Unpracticed,0.29513888888888884,Early
21,GA01,n200_c4_L_Putamen,Unpracticed,0.3263888888888889,Late
22,GA01,n200_c4_L_Putamen,Practiced,0.2604166666666667,Early
23,GA01,n200_c4_L_Putamen,Practiced,0.2673611111111111,Late
24,GA01,n200_c5_R_SMA,Unpracticed,0.3333333333333333,Early
25,GA01,n200_c5_R_SMA,Unpracticed,0.2881944444444445,Late
26,GA01,n200_c5_R_SMA,Practiced,0.3368055555555556,Early
27,GA01,n200_c5_R_SMA,Practiced,0.28125,Late
28,GA01,n200_c6_R_CerebellumVIIIb,Unpracticed,0.2569444444444444,Early
29,GA01,n200_c6_R_CerebellumVIIIb,Unpracticed,0.3055555555555556,Late
30,GA01,n200_c6_R_CerebellumVIIIb,Practiced,0.3055555555555556,Early
31,GA01,n200_c6_R_CerebellumVIIIb,Practiced,0.2986111111111111,Late
32,GA01,n200_c7_L_Thalamus,Unpracticed,0.21875,Early
33,GA01,n200_c7_L_Thalamus,Unpracticed,0.2604166666666667,Late
34,GA01,n200_c7_L_Thalamus,Practiced,0.2673611111111111,Early
35,GA01,n200_c7_L_Thalamus,Practiced,0.24652777777777776,Late
36,GA02,n200_c1-1_L_M1,Unpracticed,0.3194444444444444,Early
37,GA02,n200_c1-1_L_M1,Unpracticed,0.2951388888888889,Late
38,GA02,n200_c1-1_L_M1,Practiced,0.2847222222222222,Early
39,GA02,n200_c1-1_L_M1,Practiced,0.31597222222222227,Late
40,GA02,n200_c1-2_L_S1,Unpracticed,0.3680555555555556,Early
41,GA02,n200_c1-2_L_S1,Unpracticed,0.3194444444444444,Late
42,GA02,n200_c1-2_L_S1,Practiced,0.3298611111111111,Early
43,GA02,n200_c1-2_L_S1,Practiced,0.3958333333333333,Late
44,GA02,n200_c1_L_Postcentral,Unpracticed,0.3368055555555555,Early
45,GA02,n200_c1_L_Postcentral,Unpracticed,0.30902777777777773,Late
46,GA02,n200_c1_L_Postcentral,Practiced,0.3020833333333333,Early
47,GA02,n200_c1_L_Postcentral,Practiced,0.3368055555555555,Late
48,GA02,n200_c2_R_CerebellumIV-V,Unpracticed,0.25,Early
49,GA02,n200_c2_R_CerebellumIV-V,Unpracticed,0.3020833333333333,Late
50,GA02,n200_c2_R_CerebellumIV-V,Practiced,0.25000000000000006,Early
51,GA02,n200_c2_R_CerebellumIV-V,Practiced,0.23611111111111108,Late
52,GA02,n200_c3_R_Postcentral,Unpracticed,0.3055555555555556,Early
53,GA02,n200_c3_R_Postcentral,Unpracticed,0.3020833333333333,Late
54,GA02,n200_c3_R_Postcentral,Practiced,0.2986111111111111,Early
55,GA02,n200_c3_R_Postcentral,Practiced,0.2986111111111111,Late
56,GA02,n200_c4_L_Putamen,Unpracticed,0.3090277777777778,Early
57,GA02,n200_c4_L_Putamen,Unpracticed,0.2534722222222222,Late
58,GA02,n200_c4_L_Putamen,Practiced,0.30902777777777785,Early
59,GA02,n200_c4_L_Putamen,Practiced,0.2881944444444444,Late
60,GA02,n200_c5_R_SMA,Unpracticed,0.2881944444444444,Early
61,GA02,n200_c5_R_SMA,Unpracticed,0.2638888888888889,Late
62,GA02,n200_c5_R_SMA,Practiced,0.2569444444444444,Early
63,GA02,n200_c5_R_SMA,Practiced,0.23958333333333334,Late
64,GA02,n200_c6_R_CerebellumVIIIb,Unpracticed,0.20833333333333334,Early
65,GA02,n200_c6_R_CerebellumVIIIb,Unpracticed,0.25,Late
66,GA02,n200_c6_R_CerebellumVIIIb,Practiced,0.25,Early
67,GA02,n200_c6_R_CerebellumVIIIb,Practiced,0.2673611111111111,Late
68,GA02,n200_c7_L_Thalamus,Unpracticed,0.24305555555555555,Early
69,GA02,n200_c7_L_Thalamus,Unpracticed,0.2673611111111111,Late
70,GA02,n200_c7_L_Thalamus,Practiced,0.2847222222222222,Early
71,GA02,n200_c7_L_Thalamus,Practiced,0.24305555555555558,Late
72,GA05,n200_c1-1_L_M1,Unpracticed,0.3263888888888889,Early
73,GA05,n200_c1-1_L_M1,Unpracticed,0.3680555555555556,Late
74,GA05,n200_c1-1_L_M1,Practiced,0.2881944444444444,Early
75,GA05,n200_c1-1_L_M1,Practiced,0.4548611111111111,Late
76,GA05,n200_c1-2_L_S1,Unpracticed,0.3958333333333333,Early
77,GA05,n200_c1-2_L_S1,Unpracticed,0.3993055555555556,Late
78,GA05,n200_c1-2_L_S1,Practiced,0.3298611111111111,Early
79,GA05,n200_c1-2_L_S1,Practiced,0.5173611111111112,Late
80,GA05,n200_c1_L_Postcentral,Unpracticed,0.3680555555555556,Early
81,GA05,n200_c1_L_Postcentral,Unpracticed,0.3923611111111111,Late
82,GA05,n200_c1_L_Postcentral,Practiced,0.3229166666666667,Early
83,GA05,n200_c1_L_Postcentral,Practiced,0.53125,Late
84,GA05,n200_c2_R_CerebellumIV-V,Unpracticed,0.2916666666666667,Early
85,GA05,n200_c2_R_CerebellumIV-V,Unpracticed,0.30902777777777773,Late
86,GA05,n200_c2_R_CerebellumIV-V,Practiced,0.2708333333333333,Early
87,GA05,n200_c2_R_CerebellumIV-V,Practiced,0.3229166666666667,Late
88,GA05,n200_c3_R_Postcentral,Unpracticed,0.3541666666666667,Early
89,GA05,n200_c3_R_Postcentral,Unpracticed,0.32986111111111116,Late
90,GA05,n200_c3_R_Postcentral,Practiced,0.28472222222222227,Early
91,GA05,n200_c3_R_Postcentral,Practiced,0.37847222222222227,Late
92,GA05,n200_c4_L_Putamen,Unpracticed,0.28472222222222227,Early
93,GA05,n200_c4_L_Putamen,Unpracticed,0.34027777777777773,Late
94,GA05,n200_c4_L_Putamen,Practiced,0.28472222222222215,Early
95,GA05,n200_c4_L_Putamen,Practiced,0.3506944444444444,Late
96,GA05,n200_c5_R_SMA,Unpracticed,0.40277777777777785,Early
97,GA05,n200_c5_R_SMA,Unpracticed,0.2916666666666667,Late
98,GA05,n200_c5_R_SMA,Practiced,0.34027777777777785,Early
99,GA05,n200_c5_R_SMA,Practiced,0.40972222222222227,Late
100,GA05,n200_c6_R_CerebellumVIIIb,Unpracticed,0.2986111111111111,Early
101,GA05,n200_c6_R_CerebellumVIIIb,Unpracticed,0.2986111111111111,Late
102,GA05,n200_c6_R_CerebellumVIIIb,Practiced,0.28125,Early
103,GA05,n200_c6_R_CerebellumVIIIb,Practiced,0.3263888888888889,Late
104,GA05,n200_c7_L_Thalamus,Unpracticed,0.3368055555555556,Early
105,GA05,n200_c7_L_Thalamus,Unpracticed,0.2881944444444444,Late
106,GA05,n200_c7_L_Thalamus,Practiced,0.2708333333333333,Early
107,GA05,n200_c7_L_Thalamus,Practiced,0.32638888888888884,Late
108,GA07,n200_c1-1_L_M1,Unpracticed,0.2951388888888889,Early
109,GA07,n200_c1-1_L_M1,Unpracticed,0.38888888888888884,Late
110,GA07,n200_c1-1_L_M1,Practiced,0.2743055555555556,Early
111,GA07,n200_c1-1_L_M1,Practiced,0.42013888888888884,Late
112,GA07,n200_c1-2_L_S1,Unpracticed,0.2604166666666667,Early
113,GA07,n200_c1-2_L_S1,Unpracticed,0.513888888888889,Late
114,GA07,n200_c1-2_L_S1,Practiced,0.2743055555555556,Early
115,GA07,n200_c1-2_L_S1,Practiced,0.42361111111111116,Late
116,GA07,n200_c1_L_Postcentral,Unpracticed,0.28125,Early
117,GA07,n200_c1_L_Postcentral,Unpracticed,0.517361111111111,Late
118,GA07,n200_c1_L_Postcentral,Practiced,0.2881944444444444,Early
119,GA07,n200_c1_L_Postcentral,Practiced,0.46527777777777785,Late
120,GA07,n200_c2_R_CerebellumIV-V,Unpracticed,0.28472222222222227,Early
121,GA07,n200_c2_R_CerebellumIV-V,Unpracticed,0.29861111111111116,Late
122,GA07,n200_c2_R_CerebellumIV-V,Practiced,0.26736111111111116,Early
123,GA07,n200_c2_R_CerebellumIV-V,Practiced,0.28472222222222227,Late
124,GA07,n200_c3_R_Postcentral,Unpracticed,0.30902777777777785,Early
125,GA07,n200_c3_R_Postcentral,Unpracticed,0.2881944444444444,Late
126,GA07,n200_c3_R_Postcentral,Practiced,0.2569444444444444,Early
127,GA07,n200_c3_R_Postcentral,Practiced,0.3125,Late
128,GA07,n200_c4_L_Putamen,Unpracticed,0.3680555555555556,Early
129,GA07,n200_c4_L_Putamen,Unpracticed,0.3368055555555555,Late
130,GA07,n200_c4_L_Putamen,Practiced,0.2604166666666667,Early
131,GA07,n200_c4_L_Putamen,Practiced,0.2743055555555556,Late
132,GA07,n200_c5_R_SMA,Unpracticed,0.2743055555555556,Early
133,GA07,n200_c5_R_SMA,Unpracticed,0.3125,Late
134,GA07,n200_c5_R_SMA,Practiced,0.28472222222222227,Early
135,GA07,n200_c5_R_SMA,Practiced,0.2881944444444444,Late
136,GA07,n200_c6_R_CerebellumVIIIb,Unpracticed,0.2986111111111111,Early
137,GA07,n200_c6_R_CerebellumVIIIb,Unpracticed,0.30902777777777785,Late
138,GA07,n200_c6_R_CerebellumVIIIb,Practiced,0.25347222222222227,Early
139,GA07,n200_c6_R_CerebellumVIIIb,Practiced,0.2222222222222222,Late
140,GA07,n200_c7_L_Thalamus,Unpracticed,0.3506944444444444,Early
141,GA07,n200_c7_L_Thalamus,Unpracticed,0.24652777777777776,Late
142,GA07,n200_c7_L_Thalamus,Practiced,0.2986111111111111,Early
143,GA07,n200_c7_L_Thalamus,Practiced,0.2534722222222222,Late
144,GA08,n200_c1-1_L_M1,Unpracticed,0.3229166666666667,Early
145,GA08,n200_c1-1_L_M1,Unpracticed,0.30902777777777785,Late
146,GA08,n200_c1-1_L_M1,Practiced,0.34722222222222227,Early
147,GA08,n200_c1-1_L_M1,Practiced,0.4930555555555555,Late
148,GA08,n200_c1-2_L_S1,Unpracticed,0.37847222222222227,Early
149,GA08,n200_c1-2_L_S1,Unpracticed,0.34722222222222227,Late
150,GA08,n200_c1-2_L_S1,Practiced,0.3993055555555556,Early
151,GA08,n200_c1-2_L_S1,Practiced,0.47222222222222215,Late
152,GA08,n200_c1_L_Postcentral,Unpracticed,0.34375,Early
153,GA08,n200_c1_L_Postcentral,Unpracticed,0.3576388888888889,Late
154,GA08,n200_c1_L_Postcentral,Practiced,0.3680555555555556,Early
155,GA08,n200_c1_L_Postcentral,Practiced,0.4756944444444444,Late
156,GA08,n200_c2_R_CerebellumIV-V,Unpracticed,0.25,Early
157,GA08,n200_c2_R_CerebellumIV-V,Unpracticed,0.28125,Late
158,GA08,n200_c2_R_CerebellumIV-V,Practiced,0.31597222222222227,Early
159,GA08,n200_c2_R_CerebellumIV-V,Practiced,0.2986111111111111,Late
160,GA08,n200_c3_R_Postcentral,Unpracticed,0.3055555555555556,Early
161,GA08,n200_c3_R_Postcentral,Unpracticed,0.28125,Late
162,GA08,n200_c3_R_Postcentral,Practiced,0.3090277777777778,Early
163,GA08,n200_c3_R_Postcentral,Practiced,0.375,Late
164,GA08,n200_c4_L_Putamen,Unpracticed,0.25,Early
165,GA08,n200_c4_L_Putamen,Unpracticed,0.2743055555555555,Late
166,GA08,n200_c4_L_Putamen,Practiced,0.2604166666666667,Early
167,GA08,n200_c4_L_Putamen,Practiced,0.30902777777777773,Late
168,GA08,n200_c5_R_SMA,Unpracticed,0.2465277777777778,Early
169,GA08,n200_c5_R_SMA,Unpracticed,0.27777777777777773,Late
170,GA08,n200_c5_R_SMA,Practiced,0.2951388888888889,Early
171,GA08,n200_c5_R_SMA,Practiced,0.23958333333333334,Late
172,GA08,n200_c6_R_CerebellumVIIIb,Unpracticed,0.28472222222222227,Early
173,GA08,n200_c6_R_CerebellumVIIIb,Unpracticed,0.2916666666666667,Late
174,GA08,n200_c6_R_CerebellumVIIIb,Practiced,0.3055555555555556,Early
175,GA08,n200_c6_R_CerebellumVIIIb,Practiced,0.2951388888888889,Late
176,GA08,n200_c7_L_Thalamus,Unpracticed,0.21875,Early
177,GA08,n200_c7_L_Thalamus,Unpracticed,0.25347222222222227,Late
178,GA08,n200_c7_L_Thalamus,Practiced,0.25,Early
179,GA08,n200_c7_L_Thalamus,Practiced,0.24652777777777776,Late
180,GA11,n200_c1-1_L_M1,Unpracticed,0.3680555555555556,Early
181,GA11,n200_c1-1_L_M1,Unpracticed,0.3125,Late
182,GA11,n200_c1-1_L_M1,Practiced,0.2916666666666667,Early
183,GA11,n200_c1-1_L_M1,Practiced,0.4479166666666667,Late
184,GA11,n200_c1-2_L_S1,Unpracticed,0.4513888888888889,Early
185,GA11,n200_c1-2_L_S1,Unpracticed,0.34722222222222215,Late
186,GA11,n200_c1-2_L_S1,Practiced,0.2777777777777778,Early
187,GA11,n200_c1-2_L_S1,Practiced,0.4791666666666667,Late
188,GA11,n200_c1_L_Postcentral,Unpracticed,0.4270833333333333,Early
189,GA11,n200_c1_L_Postcentral,Unpracticed,0.3368055555555556,Late
190,GA11,n200_c1_L_Postcentral,Practiced,0.2569444444444445,Early
191,GA11,n200_c1_L_Postcentral,Practiced,0.5069444444444445,Late
192,GA11,n200_c2_R_CerebellumIV-V,Unpracticed,0.3020833333333333,Early
193,GA11,n200_c2_R_CerebellumIV-V,Unpracticed,0.2881944444444444,Late
194,GA11,n200_c2_R_CerebellumIV-V,Practiced,0.2604166666666667,Early
195,GA11,n200_c2_R_CerebellumIV-V,Practiced,0.3055555555555555,Late
196,GA11,n200_c3_R_Postcentral,Unpracticed,0.2951388888888889,Early
197,GA11,n200_c3_R_Postcentral,Unpracticed,0.2777777777777778,Late
198,GA11,n200_c3_R_Postcentral,Practiced,0.24305555555555555,Early
199,GA11,n200_c3_R_Postcentral,Practiced,0.2604166666666667,Late
200,GA11,n200_c4_L_Putamen,Unpracticed,0.3090277777777778,Early
201,GA11,n200_c4_L_Putamen,Unpracticed,0.3020833333333333,Late
202,GA11,n200_c4_L_Putamen,Practiced,0.25,Early
203,GA11,n200_c4_L_Putamen,Practiced,0.28472222222222215,Late
204,GA11,n200_c5_R_SMA,Unpracticed,0.27777777777777773,Early
205,GA11,n200_c5_R_SMA,Unpracticed,0.2569444444444445,Late
206,GA11,n200_c5_R_SMA,Practiced,0.2708333333333333,Early
207,GA11,n200_c5_R_SMA,Practiced,0.34375,Late
208,GA11,n200_c6_R_CerebellumVIIIb,Unpracticed,0.23958333333333334,Early
209,GA11,n200_c6_R_CerebellumVIIIb,Unpracticed,0.2881944444444444,Late
210,GA11,n200_c6_R_CerebellumVIIIb,Practiced,0.2638888888888889,Early
211,GA11,n200_c6_R_CerebellumVIIIb,Practiced,0.3055555555555556,Late
212,GA11,n200_c7_L_Thalamus,Unpracticed,0.2743055555555555,Early
213,GA11,n200_c7_L_Thalamus,Unpracticed,0.2673611111111111,Late
214,GA11,n200_c7_L_Thalamus,Practiced,0.2604166666666667,Early
215,GA11,n200_c7_L_Thalamus,Practiced,0.24305555555555558,Late
216,GA12,n200_c1-1_L_M1,Unpracticed,0.3506944444444444,Early
217,GA12,n200_c1-1_L_M1,Unpracticed,0.4270833333333333,Late
218,GA12,n200_c1-1_L_M1,Practiced,0.2986111111111111,Early
219,GA12,n200_c1-1_L_M1,Practiced,0.37847222222222227,Late
220,GA12,n200_c1-2_L_S1,Unpracticed,0.37847222222222227,Early
221,GA12,n200_c1-2_L_S1,Unpracticed,0.3854166666666667,Late
222,GA12,n200_c1-2_L_S1,Practiced,0.34375,Early
223,GA12,n200_c1-2_L_S1,Practiced,0.44097222222222227,Late
224,GA12,n200_c1_L_Postcentral,Unpracticed,0.36111111111111116,Early
225,GA12,n200_c1_L_Postcentral,Unpracticed,0.37847222222222227,Late
226,GA12,n200_c1_L_Postcentral,Practiced,0.3229166666666667,Early
227,GA12,n200_c1_L_Postcentral,Practiced,0.4305555555555555,Late
228,GA12,n200_c2_R_CerebellumIV-V,Unpracticed,0.2673611111111111,Early
229,GA12,n200_c2_R_CerebellumIV-V,Unpracticed,0.3194444444444445,Late
230,GA12,n200_c2_R_CerebellumIV-V,Practiced,0.2465277777777778,Early
231,GA12,n200_c2_R_CerebellumIV-V,Practiced,0.2465277777777778,Late
232,GA12,n200_c3_R_Postcentral,Unpracticed,0.38888888888888884,Early
233,GA12,n200_c3_R_Postcentral,Unpracticed,0.3923611111111111,Late
234,GA12,n200_c3_R_Postcentral,Practiced,0.28125,Early
235,GA12,n200_c3_R_Postcentral,Practiced,0.3368055555555556,Late
236,GA12,n200_c4_L_Putamen,Unpracticed,0.34375,Early
237,GA12,n200_c4_L_Putamen,Unpracticed,0.3125,Late
238,GA12,n200_c4_L_Putamen,Practiced,0.30902777777777773,Early
239,GA12,n200_c4_L_Putamen,Practiced,0.2777777777777778,Late
240,GA12,n200_c5_R_SMA,Unpracticed,0.3125,Early
241,GA12,n200_c5_R_SMA,Unpracticed,0.2708333333333333,Late
242,GA12,n200_c5_R_SMA,Practiced,0.2465277777777778,Early
243,GA12,n200_c5_R_SMA,Practiced,0.28472222222222227,Late
244,GA12,n200_c6_R_CerebellumVIIIb,Unpracticed,0.24305555555555558,Early
245,GA12,n200_c6_R_CerebellumVIIIb,Unpracticed,0.3333333333333333,Late
246,GA12,n200_c6_R_CerebellumVIIIb,Practiced,0.25000000000000006,Early
247,GA12,n200_c6_R_CerebellumVIIIb,Practiced,0.3055555555555555,Late
248,GA12,n200_c7_L_Thalamus,Unpracticed,0.2986111111111111,Early
249,GA12,n200_c7_L_Thalamus,Unpracticed,0.2777777777777778,Late
250,GA12,n200_c7_L_Thalamus,Practiced,0.2777777777777778,Early
251,GA12,n200_c7_L_Thalamus,Practiced,0.2673611111111111,Late
252,GA13,n200_c1-1_L_M1,Unpracticed,0.34722222222222227,Early
253,GA13,n200_c1-1_L_M1,Unpracticed,0.40625,Late
254,GA13,n200_c1-1_L_M1,Practiced,0.39236111111111116,Early
255,GA13,n200_c1-1_L_M1,Practiced,0.3368055555555556,Late
256,GA13,n200_c1-2_L_S1,Unpracticed,0.3854166666666667,Early
257,GA13,n200_c1-2_L_S1,Unpracticed,0.42361111111111116,Late
258,GA13,n200_c1-2_L_S1,Practiced,0.3958333333333333,Early
259,GA13,n200_c1-2_L_S1,Practiced,0.3229166666666667,Late
260,GA13,n200_c1_L_Postcentral,Unpracticed,0.34375,Early
261,GA13,n200_c1_L_Postcentral,Unpracticed,0.3888888888888889,Late
262,GA13,n200_c1_L_Postcentral,Practiced,0.40277777777777785,Early
263,GA13,n200_c1_L_Postcentral,Practiced,0.3368055555555556,Late
264,GA13,n200_c2_R_CerebellumIV-V,Unpracticed,0.2708333333333333,Early
265,GA13,n200_c2_R_CerebellumIV-V,Unpracticed,0.2881944444444445,Late
266,GA13,n200_c2_R_CerebellumIV-V,Practiced,0.2708333333333333,Early
267,GA13,n200_c2_R_CerebellumIV-V,Practiced,0.2743055555555555,Late
268,GA13,n200_c3_R_Postcentral,Unpracticed,0.3229166666666667,Early
269,GA13,n200_c3_R_Postcentral,Unpracticed,0.34375,Late
270,GA13,n200_c3_R_Postcentral,Practiced,0.3645833333333333,Early
271,GA13,n200_c3_R_Postcentral,Practiced,0.27777777777777785,Late
272,GA13,n200_c4_L_Putamen,Unpracticed,0.3819444444444444,Early
273,GA13,n200_c4_L_Putamen,Unpracticed,0.3333333333333333,Late
274,GA13,n200_c4_L_Putamen,Practiced,0.2986111111111111,Early
275,GA13,n200_c4_L_Putamen,Practiced,0.2222222222222222,Late
276,GA13,n200_c5_R_SMA,Unpracticed,0.3125,Early
277,GA13,n200_c5_R_SMA,Unpracticed,0.2951388888888889,Late
278,GA13,n200_c5_R_SMA,Practiced,0.2638888888888889,Early
279,GA13,n200_c5_R_SMA,Practiced,0.2638888888888889,Late
280,GA13,n200_c6_R_CerebellumVIIIb,Unpracticed,0.3020833333333333,Early
281,GA13,n200_c6_R_CerebellumVIIIb,Unpracticed,0.3263888888888889,Late
282,GA13,n200_c6_R_CerebellumVIIIb,Practiced,0.3368055555555555,Early
283,GA13,n200_c6_R_CerebellumVIIIb,Practiced,0.2569444444444445,Late
284,GA13,n200_c7_L_Thalamus,Unpracticed,0.28472222222222215,Early
285,GA13,n200_c7_L_Thalamus,Unpracticed,0.2881944444444444,Late
286,GA13,n200_c7_L_Thalamus,Practiced,0.2708333333333333,Early
287,GA13,n200_c7_L_Thalamus,Practiced,0.28125,Late
288,GA14,n200_c1-1_L_M1,Unpracticed,0.2951388888888889,Early
289,GA14,n200_c1-1_L_M1,Unpracticed,0.30902777777777773,Late
290,GA14,n200_c1-1_L_M1,Practiced,0.28472222222222227,Early
291,GA14,n200_c1-1_L_M1,Practiced,0.3125,Late
292,GA14,n200_c1-2_L_S1,Unpracticed,0.2777777777777778,Early
293,GA14,n200_c1-2_L_S1,Unpracticed,0.34027777777777785,Late
294,GA14,n200_c1-2_L_S1,Practiced,0.28125,Early
295,GA14,n200_c1-2_L_S1,Practiced,0.3333333333333333,Late
296,GA14,n200_c1_L_Postcentral,Unpracticed,0.2881944444444445,Early
297,GA14,n200_c1_L_Postcentral,Unpracticed,0.3854166666666667,Late
298,GA14,n200_c1_L_Postcentral,Practiced,0.2569444444444445,Early
299,GA14,n200_c1_L_Postcentral,Practiced,0.3923611111111111,Late
300,GA14,n200_c2_R_CerebellumIV-V,Unpracticed,0.2986111111111111,Early
301,GA14,n200_c2_R_CerebellumIV-V,Unpracticed,0.3125,Late
302,GA14,n200_c2_R_CerebellumIV-V,Practiced,0.22222222222222224,Early
303,GA14,n200_c2_R_CerebellumIV-V,Practiced,0.2673611111111111,Late
304,GA14,n200_c3_R_Postcentral,Unpracticed,0.3020833333333333,Early
305,GA14,n200_c3_R_Postcentral,Unpracticed,0.3298611111111111,Late
306,GA14,n200_c3_R_Postcentral,Practiced,0.24305555555555555,Early
307,GA14,n200_c3_R_Postcentral,Practiced,0.2534722222222222,Late
308,GA14,n200_c4_L_Putamen,Unpracticed,0.2916666666666667,Early
309,GA14,n200_c4_L_Putamen,Unpracticed,0.3020833333333333,Late
310,GA14,n200_c4_L_Putamen,Practiced,0.2986111111111111,Early
311,GA14,n200_c4_L_Putamen,Practiced,0.2951388888888889,Late
312,GA14,n200_c5_R_SMA,Unpracticed,0.25347222222222227,Early
313,GA14,n200_c5_R_SMA,Unpracticed,0.3125,Late
314,GA14,n200_c5_R_SMA,Practiced,0.2708333333333333,Early
315,GA14,n200_c5_R_SMA,Practiced,0.3333333333333333,Late
316,GA14,n200_c6_R_CerebellumVIIIb,Unpracticed,0.28125,Early
317,GA14,n200_c6_R_CerebellumVIIIb,Unpracticed,0.29513888888888884,Late
318,GA14,n200_c6_R_CerebellumVIIIb,Practiced,0.3125,Early
319,GA14,n200_c6_R_CerebellumVIIIb,Practiced,0.2673611111111111,Late
320,GA14,n200_c7_L_Thalamus,Unpracticed,0.2569444444444445,Early
321,GA14,n200_c7_L_Thalamus,Unpracticed,0.2916666666666667,Late
322,GA14,n200_c7_L_Thalamus,Practiced,0.2777777777777778,Early
323,GA14,n200_c7_L_Thalamus,Practiced,0.2673611111111111,Late
324,GA15,n200_c1-1_L_M1,Unpracticed,0.3368055555555555,Early
325,GA15,n200_c1-1_L_M1,Unpracticed,0.3541666666666667,Late
326,GA15,n200_c1-1_L_M1,Practiced,0.3194444444444445,Early
327,GA15,n200_c1-1_L_M1,Practiced,0.37152777777777773,Late
328,GA15,n200_c1-2_L_S1,Unpracticed,0.47222222222222227,Early
329,GA15,n200_c1-2_L_S1,Unpracticed,0.3159722222222222,Late
330,GA15,n200_c1-2_L_S1,Practiced,0.3576388888888889,Early
331,GA15,n200_c1-2_L_S1,Practiced,0.3888888888888889,Late
332,GA15,n200_c1_L_Postcentral,Unpracticed,0.45138888888888884,Early
333,GA15,n200_c1_L_Postcentral,Unpracticed,0.34027777777777785,Late
334,GA15,n200_c1_L_Postcentral,Practiced,0.375,Early
335,GA15,n200_c1_L_Postcentral,Practiced,0.4270833333333333,Late
336,GA15,n200_c2_R_CerebellumIV-V,Unpracticed,0.2881944444444445,Early
337,GA15,n200_c2_R_CerebellumIV-V,Unpracticed,0.3125,Late
338,GA15,n200_c2_R_CerebellumIV-V,Practiced,0.2222222222222222,Early
339,GA15,n200_c2_R_CerebellumIV-V,Practiced,0.22916666666666666,Late
340,GA15,n200_c3_R_Postcentral,Unpracticed,0.36111111111111116,Early
341,GA15,n200_c3_R_Postcentral,Unpracticed,0.2743055555555556,Late
342,GA15,n200_c3_R_Postcentral,Practiced,0.3020833333333333,Early
343,GA15,n200_c3_R_Postcentral,Practiced,0.3194444444444444,Late
344,GA15,n200_c4_L_Putamen,Unpracticed,0.2743055555555555,Early
345,GA15,n200_c4_L_Putamen,Unpracticed,0.2534722222222222,Late
346,GA15,n200_c4_L_Putamen,Practiced,0.2916666666666667,Early
347,GA15,n200_c4_L_Putamen,Practiced,0.2569444444444445,Late
348,GA15,n200_c5_R_SMA,Unpracticed,0.3194444444444444,Early
349,GA15,n200_c5_R_SMA,Unpracticed,0.2881944444444444,Late
350,GA15,n200_c5_R_SMA,Practiced,0.25,Early
351,GA15,n200_c5_R_SMA,Practiced,0.2951388888888889,Late
352,GA15,n200_c6_R_CerebellumVIIIb,Unpracticed,0.2604166666666667,Early
353,GA15,n200_c6_R_CerebellumVIIIb,Unpracticed,0.25347222222222227,Late
354,GA15,n200_c6_R_CerebellumVIIIb,Practiced,0.31597222222222227,Early
355,GA15,n200_c6_R_CerebellumVIIIb,Practiced,0.23958333333333334,Late
356,GA15,n200_c7_L_Thalamus,Unpracticed,0.2743055555555556,Early
357,GA15,n200_c7_L_Thalamus,Unpracticed,0.21875,Late
358,GA15,n200_c7_L_Thalamus,Practiced,0.22916666666666666,Early
359,GA15,n200_c7_L_Thalamus,Practiced,0.24652777777777776,Late
360,GA18,n200_c1-1_L_M1,Unpracticed,0.3298611111111111,Early
361,GA18,n200_c1-1_L_M1,Unpracticed,0.3055555555555556,Late
362,GA18,n200_c1-1_L_M1,Practiced,0.3506944444444445,Early
363,GA18,n200_c1-1_L_M1,Practiced,0.24652777777777776,Late
364,GA18,n200_c1-2_L_S1,Unpracticed,0.3611111111111111,Early
365,GA18,n200_c1-2_L_S1,Unpracticed,0.34722222222222227,Late
366,GA18,n200_c1-2_L_S1,Practiced,0.40625,Early
367,GA18,n200_c1-2_L_S1,Practiced,0.34375,Late
368,GA18,n200_c1_L_Postcentral,Unpracticed,0.32638888888888884,Early
369,GA18,n200_c1_L_Postcentral,Unpracticed,0.3229166666666667,Late
370,GA18,n200_c1_L_Postcentral,Practiced,0.3958333333333333,Early
371,GA18,n200_c1_L_Postcentral,Practiced,0.3194444444444445,Late
372,GA18,n200_c2_R_CerebellumIV-V,Unpracticed,0.3229166666666667,Early
373,GA18,n200_c2_R_CerebellumIV-V,Unpracticed,0.28125,Late
374,GA18,n200_c2_R_CerebellumIV-V,Practiced,0.3020833333333333,Early
375,GA18,n200_c2_R_CerebellumIV-V,Practiced,0.22916666666666666,Late
376,GA18,n200_c3_R_Postcentral,Unpracticed,0.3263888888888889,Early
377,GA18,n200_c3_R_Postcentral,Unpracticed,0.34375,Late
378,GA18,n200_c3_R_Postcentral,Practiced,0.35763888888888884,Early
379,GA18,n200_c3_R_Postcentral,Practiced,0.24305555555555555,Late
380,GA18,n200_c4_L_Putamen,Unpracticed,0.3333333333333333,Early
381,GA18,n200_c4_L_Putamen,Unpracticed,0.2708333333333333,Late
382,GA18,n200_c4_L_Putamen,Practiced,0.34027777777777773,Early
383,GA18,n200_c4_L_Putamen,Practiced,0.2638888888888889,Late
384,GA18,n200_c5_R_SMA,Unpracticed,0.2465277777777778,Early
385,GA18,n200_c5_R_SMA,Unpracticed,0.2604166666666667,Late
386,GA18,n200_c5_R_SMA,Practiced,0.29513888888888884,Early
387,GA18,n200_c5_R_SMA,Practiced,0.2708333333333333,Late
388,GA18,n200_c6_R_CerebellumVIIIb,Unpracticed,0.2951388888888889,Early
389,GA18,n200_c6_R_CerebellumVIIIb,Unpracticed,0.28125,Late
390,GA18,n200_c6_R_CerebellumVIIIb,Practiced,0.34722222222222227,Early
391,GA18,n200_c6_R_CerebellumVIIIb,Practiced,0.2777777777777778,Late
392,GA18,n200_c7_L_Thalamus,Unpracticed,0.3194444444444444,Early
393,GA18,n200_c7_L_Thalamus,Unpracticed,0.2465277777777778,Late
394,GA18,n200_c7_L_Thalamus,Practiced,0.3125,Early
395,GA18,n200_c7_L_Thalamus,Practiced,0.21527777777777776,Late
396,GA19,n200_c1-1_L_M1,Unpracticed,0.34722222222222227,Early
397,GA19,n200_c1-1_L_M1,Unpracticed,0.3819444444444444,Late
398,GA19,n200_c1-1_L_M1,Practiced,0.28472222222222227,Early
399,GA19,n200_c1-1_L_M1,Practiced,0.3819444444444445,Late
400,GA19,n200_c1-2_L_S1,Unpracticed,0.3645833333333333,Early
401,GA19,n200_c1-2_L_S1,Unpracticed,0.3576388888888889,Late
402,GA19,n200_c1-2_L_S1,Practiced,0.3611111111111111,Early
403,GA19,n200_c1-2_L_S1,Practiced,0.40277777777777773,Late
404,GA19,n200_c1_L_Postcentral,Unpracticed,0.3541666666666667,Early
405,GA19,n200_c1_L_Postcentral,Unpracticed,0.3923611111111111,Late
406,GA19,n200_c1_L_Postcentral,Practiced,0.2708333333333333,Early
407,GA19,n200_c1_L_Postcentral,Practiced,0.35763888888888884,Late
408,GA19,n200_c2_R_CerebellumIV-V,Unpracticed,0.2881944444444445,Early
409,GA19,n200_c2_R_CerebellumIV-V,Unpracticed,0.2534722222222222,Late
410,GA19,n200_c2_R_CerebellumIV-V,Practiced,0.2881944444444444,Early
411,GA19,n200_c2_R_CerebellumIV-V,Practiced,0.3368055555555556,Late
412,GA19,n200_c3_R_Postcentral,Unpracticed,0.3298611111111111,Early
413,GA19,n200_c3_R_Postcentral,Unpracticed,0.34375,Late
414,GA19,n200_c3_R_Postcentral,Practiced,0.2881944444444444,Early
415,GA19,n200_c3_R_Postcentral,Practiced,0.3229166666666667,Late
416,GA19,n200_c4_L_Putamen,Unpracticed,0.3055555555555556,Early
417,GA19,n200_c4_L_Putamen,Unpracticed,0.3055555555555556,Late
418,GA19,n200_c4_L_Putamen,Practiced,0.3125,Early
419,GA19,n200_c4_L_Putamen,Practiced,0.3333333333333333,Late
420,GA19,n200_c5_R_SMA,Unpracticed,0.2951388888888889,Early
421,GA19,n200_c5_R_SMA,Unpracticed,0.2847222222222222,Late
422,GA19,n200_c5_R_SMA,Practiced,0.2569444444444445,Early
423,GA19,n200_c5_R_SMA,Practiced,0.2916666666666667,Late
424,GA19,n200_c6_R_CerebellumVIIIb,Unpracticed,0.2743055555555555,Early
425,GA19,n200_c6_R_CerebellumVIIIb,Unpracticed,0.3194444444444445,Late
426,GA19,n200_c6_R_CerebellumVIIIb,Practiced,0.23263888888888887,Early
427,GA19,n200_c6_R_CerebellumVIIIb,Practiced,0.2986111111111111,Late
428,GA19,n200_c7_L_Thalamus,Unpracticed,0.2916666666666667,Early
429,GA19,n200_c7_L_Thalamus,Unpracticed,0.22916666666666666,Late
430,GA19,n200_c7_L_Thalamus,Practiced,0.2152777777777778,Early
431,GA19,n200_c7_L_Thalamus,Practiced,0.2604166666666667,Late
432,GA20,n200_c1-1_L_M1,Unpracticed,0.4305555555555556,Early
433,GA20,n200_c1-1_L_M1,Unpracticed,0.2986111111111111,Late
434,GA20,n200_c1-1_L_M1,Practiced,0.2673611111111111,Early
435,GA20,n200_c1-1_L_M1,Practiced,0.3645833333333333,Late
436,GA20,n200_c1-2_L_S1,Unpracticed,0.39236111111111116,Early
437,GA20,n200_c1-2_L_S1,Unpracticed,0.3541666666666667,Late
438,GA20,n200_c1-2_L_S1,Practiced,0.3229166666666667,Early
439,GA20,n200_c1-2_L_S1,Practiced,0.4131944444444444,Late
440,GA20,n200_c1_L_Postcentral,Unpracticed,0.3680555555555555,Early
441,GA20,n200_c1_L_Postcentral,Unpracticed,0.3194444444444445,Late
442,GA20,n200_c1_L_Postcentral,Practiced,0.3159722222222222,Early
443,GA20,n200_c1_L_Postcentral,Practiced,0.3368055555555556,Late
444,GA20,n200_c2_R_CerebellumIV-V,Unpracticed,0.3263888888888889,Early
445,GA20,n200_c2_R_CerebellumIV-V,Unpracticed,0.2916666666666667,Late
446,GA20,n200_c2_R_CerebellumIV-V,Practiced,0.2638888888888889,Early
447,GA20,n200_c2_R_CerebellumIV-V,Practiced,0.24999999999999997,Late
448,GA20,n200_c3_R_Postcentral,Unpracticed,0.3125,Early
449,GA20,n200_c3_R_Postcentral,Unpracticed,0.2951388888888889,Late
450,GA20,n200_c3_R_Postcentral,Practiced,0.2638888888888889,Early
451,GA20,n200_c3_R_Postcentral,Practiced,0.32638888888888884,Late
452,GA20,n200_c4_L_Putamen,Unpracticed,0.3020833333333333,Early
453,GA20,n200_c4_L_Putamen,Unpracticed,0.30902777777777773,Late
454,GA20,n200_c4_L_Putamen,Practiced,0.2638888888888889,Early
455,GA20,n200_c4_L_Putamen,Practiced,0.2881944444444444,Late
456,GA20,n200_c5_R_SMA,Unpracticed,0.3368055555555556,Early
457,GA20,n200_c5_R_SMA,Unpracticed,0.2708333333333333,Late
458,GA20,n200_c5_R_SMA,Practiced,0.2465277777777778,Early
459,GA20,n200_c5_R_SMA,Practiced,0.3229166666666667,Late
460,GA20,n200_c6_R_CerebellumVIIIb,Unpracticed,0.2673611111111111,Early
461,GA20,n200_c6_R_CerebellumVIIIb,Unpracticed,0.2604166666666667,Late
462,GA20,n200_c6_R_CerebellumVIIIb,Practiced,0.3125,Early
463,GA20,n200_c6_R_CerebellumVIIIb,Practiced,0.4375,Late
464,GA20,n200_c7_L_Thalamus,Unpracticed,0.2673611111111111,Early
465,GA20,n200_c7_L_Thalamus,Unpracticed,0.2465277777777778,Late
466,GA20,n200_c7_L_Thalamus,Practiced,0.2777777777777778,Early
467,GA20,n200_c7_L_Thalamus,Practiced,0.2604166666666667,Late
468,GA21,n200_c1-1_L_M1,Unpracticed,0.2708333333333333,Early
469,GA21,n200_c1-1_L_M1,Unpracticed,0.3333333333333333,Late
470,GA21,n200_c1-1_L_M1,Practiced,0.3125,Early
471,GA21,n200_c1-1_L_M1,Practiced,0.3923611111111111,Late
472,GA21,n200_c1-2_L_S1,Unpracticed,0.32638888888888884,Early
473,GA21,n200_c1-2_L_S1,Unpracticed,0.32986111111111116,Late
474,GA21,n200_c1-2_L_S1,Practiced,0.29513888888888884,Early
475,GA21,n200_c1-2_L_S1,Practiced,0.40277777777777785,Late
476,GA21,n200_c1_L_Postcentral,Unpracticed,0.3194444444444445,Early
477,GA21,n200_c1_L_Postcentral,Unpracticed,0.32986111111111116,Late
478,GA21,n200_c1_L_Postcentral,Practiced,0.2986111111111111,Early
479,GA21,n200_c1_L_Postcentral,Practiced,0.4270833333333333,Late
480,GA21,n200_c2_R_CerebellumIV-V,Unpracticed,0.25,Early
481,GA21,n200_c2_R_CerebellumIV-V,Unpracticed,0.24305555555555555,Late
482,GA21,n200_c2_R_CerebellumIV-V,Practiced,0.28125,Early
483,GA21,n200_c2_R_CerebellumIV-V,Practiced,0.2604166666666667,Late
484,GA21,n200_c3_R_Postcentral,Unpracticed,0.21180555555555558,Early
485,GA21,n200_c3_R_Postcentral,Unpracticed,0.3368055555555556,Late
486,GA21,n200_c3_R_Postcentral,Practiced,0.31597222222222227,Early
487,GA21,n200_c3_R_Postcentral,Practiced,0.3090277777777778,Late
488,GA21,n200_c4_L_Putamen,Unpracticed,0.2881944444444444,Early
489,GA21,n200_c4_L_Putamen,Unpracticed,0.23611111111111108,Late
490,GA21,n200_c4_L_Putamen,Practiced,0.2951388888888889,Early
491,GA21,n200_c4_L_Putamen,Practiced,0.23958333333333334,Late
492,GA21,n200_c5_R_SMA,Unpracticed,0.30902777777777773,Early
493,GA21,n200_c5_R_SMA,Unpracticed,0.2569444444444445,Late
494,GA21,n200_c5_R_SMA,Practiced,0.3055555555555555,Early
495,GA21,n200_c5_R_SMA,Practiced,0.2777777777777778,Late
496,GA21,n200_c6_R_CerebellumVIIIb,Unpracticed,0.3298611111111111,Early
497,GA21,n200_c6_R_CerebellumVIIIb,Unpracticed,0.3125,Late
498,GA21,n200_c6_R_CerebellumVIIIb,Practiced,0.2951388888888889,Early
499,GA21,n200_c6_R_CerebellumVIIIb,Practiced,0.2951388888888889,Late
500,GA21,n200_c7_L_Thalamus,Unpracticed,0.2881944444444445,Early
501,GA21,n200_c7_L_Thalamus,Unpracticed,0.24652777777777776,Late
502,GA21,n200_c7_L_Thalamus,Practiced,0.3125,Early
503,GA21,n200_c7_L_Thalamus,Practiced,0.2569444444444445,Late
504,GA23,n200_c1-1_L_M1,Unpracticed,0.3055555555555556,Early
505,GA23,n200_c1-1_L_M1,Unpracticed,0.28125,Late
506,GA23,n200_c1-1_L_M1,Practiced,0.2916666666666667,Early
507,GA23,n200_c1-1_L_M1,Practiced,0.27777777777777773,Late
508,GA23,n200_c1-2_L_S1,Unpracticed,0.2916666666666667,Early
509,GA23,n200_c1-2_L_S1,Unpracticed,0.3993055555555556,Late
510,GA23,n200_c1-2_L_S1,Practiced,0.3645833333333333,Early
511,GA23,n200_c1-2_L_S1,Practiced,0.2847222222222222,Late
512,GA23,n200_c1_L_Postcentral,Unpracticed,0.2743055555555555,Early
513,GA23,n200_c1_L_Postcentral,Unpracticed,0.3854166666666667,Late
514,GA23,n200_c1_L_Postcentral,Practiced,0.3541666666666667,Early
515,GA23,n200_c1_L_Postcentral,Practiced,0.3055555555555555,Late
516,GA23,n200_c2_R_CerebellumIV-V,Unpracticed,0.2916666666666667,Early
517,GA23,n200_c2_R_CerebellumIV-V,Unpracticed,0.2777777777777778,Late
518,GA23,n200_c2_R_CerebellumIV-V,Practiced,0.2673611111111111,Early
519,GA23,n200_c2_R_CerebellumIV-V,Practiced,0.2569444444444445,Late
520,GA23,n200_c3_R_Postcentral,Unpracticed,0.2743055555555555,Early
521,GA23,n200_c3_R_Postcentral,Unpracticed,0.2465277777777778,Late
522,GA23,n200_c3_R_Postcentral,Practiced,0.2951388888888889,Early
523,GA23,n200_c3_R_Postcentral,Practiced,0.2638888888888889,Late
524,GA23,n200_c4_L_Putamen,Unpracticed,0.23263888888888887,Early
525,GA23,n200_c4_L_Putamen,Unpracticed,0.2881944444444445,Late
526,GA23,n200_c4_L_Putamen,Practiced,0.28125,Early
527,GA23,n200_c4_L_Putamen,Practiced,0.27777777777777773,Late
528,GA23,n200_c5_R_SMA,Unpracticed,0.23263888888888887,Early
529,GA23,n200_c5_R_SMA,Unpracticed,0.2986111111111111,Late
530,GA23,n200_c5_R_SMA,Practiced,0.2881944444444445,Early
531,GA23,n200_c5_R_SMA,Practiced,0.24305555555555558,Late
532,GA23,n200_c6_R_CerebellumVIIIb,Unpracticed,0.2569444444444444,Early
533,GA23,n200_c6_R_CerebellumVIIIb,Unpracticed,0.23611111111111108,Late
534,GA23,n200_c6_R_CerebellumVIIIb,Practiced,0.3055555555555556,Early
535,GA23,n200_c6_R_CerebellumVIIIb,Practiced,0.22916666666666666,Late
536,GA23,n200_c7_L_Thalamus,Unpracticed,0.22569444444444445,Early
537,GA23,n200_c7_L_Thalamus,Unpracticed,0.2638888888888889,Late
538,GA23,n200_c7_L_Thalamus,Practiced,0.2708333333333333,Early
539,GA23,n200_c7_L_Thalamus,Practiced,0.2708333333333333,Late
540,GA26,n200_c1-1_L_M1,Unpracticed,0.2465277777777778,Early
541,GA26,n200_c1-1_L_M1,Unpracticed,0.23263888888888887,Late
542,GA26,n200_c1-1_L_M1,Practiced,0.2708333333333333,Early
543,GA26,n200_c1-1_L_M1,Practiced,0.23958333333333334,Late
544,GA26,n200_c1-2_L_S1,Unpracticed,0.2916666666666667,Early
545,GA26,n200_c1-2_L_S1,Unpracticed,0.22916666666666666,Late
546,GA26,n200_c1-2_L_S1,Practiced,0.2777777777777778,Early
547,GA26,n200_c1-2_L_S1,Practiced,0.2881944444444445,Late
548,GA26,n200_c1_L_Postcentral,Unpracticed,0.3159722222222222,Early
549,GA26,n200_c1_L_Postcentral,Unpracticed,0.2604166666666667,Late
550,GA26,n200_c1_L_Postcentral,Practiced,0.2847222222222222,Early
551,GA26,n200_c1_L_Postcentral,Practiced,0.3333333333333333,Late
552,GA26,n200_c2_R_CerebellumIV-V,Unpracticed,0.2743055555555556,Early
553,GA26,n200_c2_R_CerebellumIV-V,Unpracticed,0.2708333333333333,Late
554,GA26,n200_c2_R_CerebellumIV-V,Practiced,0.21875,Early
555,GA26,n200_c2_R_CerebellumIV-V,Practiced,0.21875,Late
556,GA26,n200_c3_R_Postcentral,Unpracticed,0.2604166666666667,Early
557,GA26,n200_c3_R_Postcentral,Unpracticed,0.34027777777777785,Late
558,GA26,n200_c3_R_Postcentral,Practiced,0.2743055555555556,Early
559,GA26,n200_c3_R_Postcentral,Practiced,0.31597222222222215,Late
560,GA26,n200_c4_L_Putamen,Unpracticed,0.2777777777777778,Early
561,GA26,n200_c4_L_Putamen,Unpracticed,0.2604166666666667,Late
562,GA26,n200_c4_L_Putamen,Practiced,0.2222222222222222,Early
563,GA26,n200_c4_L_Putamen,Practiced,0.2569444444444445,Late
564,GA26,n200_c5_R_SMA,Unpracticed,0.27777777777777773,Early
565,GA26,n200_c5_R_SMA,Unpracticed,0.2465277777777778,Late
566,GA26,n200_c5_R_SMA,Practiced,0.2152777777777778,Early
567,GA26,n200_c5_R_SMA,Practiced,0.2638888888888889,Late
568,GA26,n200_c6_R_CerebellumVIIIb,Unpracticed,0.22916666666666666,Early
569,GA26,n200_c6_R_CerebellumVIIIb,Unpracticed,0.25347222222222227,Late
570,GA26,n200_c6_R_CerebellumVIIIb,Practiced,0.28125,Early
571,GA26,n200_c6_R_CerebellumVIIIb,Practiced,0.20486111111111108,Late
572,GA26,n200_c7_L_Thalamus,Unpracticed,0.3194444444444445,Early
573,GA26,n200_c7_L_Thalamus,Unpracticed,0.2916666666666667,Late
574,GA26,n200_c7_L_Thalamus,Practiced,0.26736111111111116,Early
575,GA26,n200_c7_L_Thalamus,Practiced,0.25,Late
576,GA27,n200_c1-1_L_M1,Unpracticed,0.44097222222222227,Early
577,GA27,n200_c1-1_L_M1,Unpracticed,0.5104166666666667,Late
578,GA27,n200_c1-1_L_M1,Practiced,0.4618055555555555,Early
579,GA27,n200_c1-1_L_M1,Practiced,0.6458333333333334,Late
580,GA27,n200_c1-2_L_S1,Unpracticed,0.42361111111111116,Early
581,GA27,n200_c1-2_L_S1,Unpracticed,0.4444444444444444,Late
582,GA27,n200_c1-2_L_S1,Practiced,0.3680555555555555,Early
583,GA27,n200_c1-2_L_S1,Practiced,0.6215277777777778,Late
584,GA27,n200_c1_L_Postcentral,Unpracticed,0.4618055555555555,Early
585,GA27,n200_c1_L_Postcentral,Unpracticed,0.5,Late
586,GA27,n200_c1_L_Postcentral,Practiced,0.375,Early
587,GA27,n200_c1_L_Postcentral,Practiced,0.6180555555555557,Late
588,GA27,n200_c2_R_CerebellumIV-V,Unpracticed,0.3506944444444444,Early
589,GA27,n200_c2_R_CerebellumIV-V,Unpracticed,0.2604166666666667,Late
590,GA27,n200_c2_R_CerebellumIV-V,Practiced,0.2743055555555556,Early
591,GA27,n200_c2_R_CerebellumIV-V,Practiced,0.3333333333333333,Late
592,GA27,n200_c3_R_Postcentral,Unpracticed,0.3888888888888889,Early
593,GA27,n200_c3_R_Postcentral,Unpracticed,0.3819444444444445,Late
594,GA27,n200_c3_R_Postcentral,Practiced,0.3020833333333333,Early
595,GA27,n200_c3_R_Postcentral,Practiced,0.34722222222222227,Late
596,GA27,n200_c4_L_Putamen,Unpracticed,0.3368055555555555,Early
597,GA27,n200_c4_L_Putamen,Unpracticed,0.3229166666666667,Late
598,GA27,n200_c4_L_Putamen,Practiced,0.23263888888888887,Early
599,GA27,n200_c4_L_Putamen,Practiced,0.3229166666666667,Late
600,GA27,n200_c5_R_SMA,Unpracticed,0.3125,Early
601,GA27,n200_c5_R_SMA,Unpracticed,0.3229166666666667,Late
602,GA27,n200_c5_R_SMA,Practiced,0.2916666666666667,Early
603,GA27,n200_c5_R_SMA,Practiced,0.2986111111111111,Late
604,GA27,n200_c6_R_CerebellumVIIIb,Unpracticed,0.28472222222222227,Early
605,GA27,n200_c6_R_CerebellumVIIIb,Unpracticed,0.2638888888888889,Late
606,GA27,n200_c6_R_CerebellumVIIIb,Practiced,0.24999999999999997,Early
607,GA27,n200_c6_R_CerebellumVIIIb,Practiced,0.27083333333333337,Late
608,GA27,n200_c7_L_Thalamus,Unpracticed,0.27777777777777773,Early
609,GA27,n200_c7_L_Thalamus,Unpracticed,0.2881944444444444,Late
610,GA27,n200_c7_L_Thalamus,Practiced,0.2708333333333333,Early
611,GA27,n200_c7_L_Thalamus,Practiced,0.3055555555555556,Late
612,GA28,n200_c1-1_L_M1,Unpracticed,0.25347222222222227,Early
613,GA28,n200_c1-1_L_M1,Unpracticed,0.3645833333333333,Late
614,GA28,n200_c1-1_L_M1,Practiced,0.3819444444444444,Early
615,GA28,n200_c1-1_L_M1,Practiced,0.3229166666666667,Late
616,GA28,n200_c1-2_L_S1,Unpracticed,0.30902777777777773,Early
617,GA28,n200_c1-2_L_S1,Unpracticed,0.3854166666666667,Late
618,GA28,n200_c1-2_L_S1,Practiced,0.3229166666666667,Early
619,GA28,n200_c1-2_L_S1,Practiced,0.38888888888888884,Late
620,GA28,n200_c1_L_Postcentral,Unpracticed,0.3125,Early
621,GA28,n200_c1_L_Postcentral,Unpracticed,0.3611111111111111,Late
622,GA28,n200_c1_L_Postcentral,Practiced,0.3055555555555556,Early
623,GA28,n200_c1_L_Postcentral,Practiced,0.40277777777777773,Late
624,GA28,n200_c2_R_CerebellumIV-V,Unpracticed,0.29861111111111116,Early
625,GA28,n200_c2_R_CerebellumIV-V,Unpracticed,0.2951388888888889,Late
626,GA28,n200_c2_R_CerebellumIV-V,Practiced,0.2569444444444444,Early
627,GA28,n200_c2_R_CerebellumIV-V,Practiced,0.3229166666666667,Late
628,GA28,n200_c3_R_Postcentral,Unpracticed,0.2604166666666667,Early
629,GA28,n200_c3_R_Postcentral,Unpracticed,0.3020833333333333,Late
630,GA28,n200_c3_R_Postcentral,Practiced,0.2916666666666667,Early
631,GA28,n200_c3_R_Postcentral,Practiced,0.34027777777777785,Late
632,GA28,n200_c4_L_Putamen,Unpracticed,0.25347222222222227,Early
633,GA28,n200_c4_L_Putamen,Unpracticed,0.24305555555555558,Late
634,GA28,n200_c4_L_Putamen,Practiced,0.2881944444444444,Early
635,GA28,n200_c4_L_Putamen,Practiced,0.2777777777777778,Late
636,GA28,n200_c5_R_SMA,Unpracticed,0.29861111111111116,Early
637,GA28,n200_c5_R_SMA,Unpracticed,0.28472222222222227,Late
638,GA28,n200_c5_R_SMA,Practiced,0.2881944444444445,Early
639,GA28,n200_c5_R_SMA,Practiced,0.2604166666666667,Late
640,GA28,n200_c6_R_CerebellumVIIIb,Unpracticed,0.28125,Early
641,GA28,n200_c6_R_CerebellumVIIIb,Unpracticed,0.24305555555555558,Late
642,GA28,n200_c6_R_CerebellumVIIIb,Practiced,0.25,Early
643,GA28,n200_c6_R_CerebellumVIIIb,Practiced,0.2743055555555556,Late
644,GA28,n200_c7_L_Thalamus,Unpracticed,0.20486111111111113,Early
645,GA28,n200_c7_L_Thalamus,Unpracticed,0.27083333333333337,Late
646,GA28,n200_c7_L_Thalamus,Practiced,0.2638888888888889,Early
647,GA28,n200_c7_L_Thalamus,Practiced,0.2638888888888889,Late
648,GA29,n200_c1-1_L_M1,Unpracticed,0.36111111111111116,Early
649,GA29,n200_c1-1_L_M1,Unpracticed,0.3333333333333333,Late
650,GA29,n200_c1-1_L_M1,Practiced,0.2951388888888889,Early
651,GA29,n200_c1-1_L_M1,Practiced,0.2673611111111111,Late
652,GA29,n200_c1-2_L_S1,Unpracticed,0.4930555555555555,Early
653,GA29,n200_c1-2_L_S1,Unpracticed,0.28472222222222227,Late
654,GA29,n200_c1-2_L_S1,Practiced,0.37847222222222215,Early
655,GA29,n200_c1-2_L_S1,Practiced,0.26388888888888884,Late
656,GA29,n200_c1_L_Postcentral,Unpracticed,0.4618055555555556,Early
657,GA29,n200_c1_L_Postcentral,Unpracticed,0.3263888888888889,Late
658,GA29,n200_c1_L_Postcentral,Practiced,0.34027777777777773,Early
659,GA29,n200_c1_L_Postcentral,Practiced,0.2881944444444444,Late
660,GA29,n200_c2_R_CerebellumIV-V,Unpracticed,0.3090277777777778,Early
661,GA29,n200_c2_R_CerebellumIV-V,Unpracticed,0.29513888888888884,Late
662,GA29,n200_c2_R_CerebellumIV-V,Practiced,0.2743055555555555,Early
663,GA29,n200_c2_R_CerebellumIV-V,Practiced,0.2673611111111111,Late
664,GA29,n200_c3_R_Postcentral,Unpracticed,0.4131944444444444,Early
665,GA29,n200_c3_R_Postcentral,Unpracticed,0.2569444444444444,Late
666,GA29,n200_c3_R_Postcentral,Practiced,0.3125,Early
667,GA29,n200_c3_R_Postcentral,Practiced,0.2708333333333333,Late
668,GA29,n200_c4_L_Putamen,Unpracticed,0.28125,Early
669,GA29,n200_c4_L_Putamen,Unpracticed,0.25,Late
670,GA29,n200_c4_L_Putamen,Practiced,0.28125,Early
671,GA29,n200_c4_L_Putamen,Practiced,0.25347222222222227,Late
672,GA29,n200_c5_R_SMA,Unpracticed,0.3541666666666667,Early
673,GA29,n200_c5_R_SMA,Unpracticed,0.3020833333333333,Late
674,GA29,n200_c5_R_SMA,Practiced,0.24305555555555555,Early
675,GA29,n200_c5_R_SMA,Practiced,0.2604166666666667,Late
676,GA29,n200_c6_R_CerebellumVIIIb,Unpracticed,0.31597222222222227,Early
677,GA29,n200_c6_R_CerebellumVIIIb,Unpracticed,0.2881944444444445,Late
678,GA29,n200_c6_R_CerebellumVIIIb,Practiced,0.2777777777777778,Early
679,GA29,n200_c6_R_CerebellumVIIIb,Practiced,0.22916666666666666,Late
680,GA29,n200_c7_L_Thalamus,Unpracticed,0.2638888888888889,Early
681,GA29,n200_c7_L_Thalamus,Unpracticed,0.25,Late
682,GA29,n200_c7_L_Thalamus,Practiced,0.27777777777777773,Early
683,GA29,n200_c7_L_Thalamus,Practiced,0.2951388888888889,Late
684,GA30,n200_c1-1_L_M1,Unpracticed,0.3125,Early
685,GA30,n200_c1-1_L_M1,Unpracticed,0.34027777777777773,Late
686,GA30,n200_c1-1_L_M1,Practiced,0.3576388888888889,Early
687,GA30,n200_c1-1_L_M1,Practiced,0.4479166666666667,Late
688,GA30,n200_c1-2_L_S1,Unpracticed,0.3854166666666667,Early
689,GA30,n200_c1-2_L_S1,Unpracticed,0.5069444444444445,Late
690,GA30,n200_c1-2_L_S1,Practiced,0.45138888888888884,Early
691,GA30,n200_c1-2_L_S1,Practiced,0.5486111111111112,Late
692,GA30,n200_c1_L_Postcentral,Unpracticed,0.39236111111111116,Early
693,GA30,n200_c1_L_Postcentral,Unpracticed,0.513888888888889,Late
694,GA30,n200_c1_L_Postcentral,Practiced,0.4548611111111111,Early
695,GA30,n200_c1_L_Postcentral,Practiced,0.5625,Late
696,GA30,n200_c2_R_CerebellumIV-V,Unpracticed,0.2916666666666667,Early
697,GA30,n200_c2_R_CerebellumIV-V,Unpracticed,0.3194444444444445,Late
698,GA30,n200_c2_R_CerebellumIV-V,Practiced,0.2638888888888889,Early
699,GA30,n200_c2_R_CerebellumIV-V,Practiced,0.29861111111111116,Late
700,GA30,n200_c3_R_Postcentral,Unpracticed,0.2604166666666667,Early
701,GA30,n200_c3_R_Postcentral,Unpracticed,0.3298611111111111,Late
702,GA30,n200_c3_R_Postcentral,Practiced,0.3229166666666667,Early
703,GA30,n200_c3_R_Postcentral,Practiced,0.375,Late
704,GA30,n200_c4_L_Putamen,Unpracticed,0.3125,Early
705,GA30,n200_c4_L_Putamen,Unpracticed,0.3229166666666667,Late
706,GA30,n200_c4_L_Putamen,Practiced,0.2986111111111111,Early
707,GA30,n200_c4_L_Putamen,Practiced,0.34375,Late
708,GA30,n200_c5_R_SMA,Unpracticed,0.2604166666666667,Early
709,GA30,n200_c5_R_SMA,Unpracticed,0.31597222222222227,Late
710,GA30,n200_c5_R_SMA,Practiced,0.3125,Early
711,GA30,n200_c5_R_SMA,Practiced,0.3506944444444445,Late
712,GA30,n200_c6_R_CerebellumVIIIb,Unpracticed,0.2638888888888889,Early
713,GA30,n200_c6_R_CerebellumVIIIb,Unpracticed,0.2881944444444445,Late
714,GA30,n200_c6_R_CerebellumVIIIb,Practiced,0.23958333333333334,Early
715,GA30,n200_c6_R_CerebellumVIIIb,Practiced,0.2534722222222222,Late
716,GA30,n200_c7_L_Thalamus,Unpracticed,0.2743055555555555,Early
717,GA30,n200_c7_L_Thalamus,Unpracticed,0.2638888888888889,Late
718,GA30,n200_c7_L_Thalamus,Practiced,0.2951388888888889,Early
719,GA30,n200_c7_L_Thalamus,Practiced,0.2569444444444444,Late
720,GA31,n200_c1-1_L_M1,Unpracticed,0.2916666666666667,Early
721,GA31,n200_c1-1_L_M1,Unpracticed,0.3333333333333333,Late
722,GA31,n200_c1-1_L_M1,Practiced,0.2569444444444445,Early
723,GA31,n200_c1-1_L_M1,Practiced,0.37847222222222215,Late
724,GA31,n200_c1-2_L_S1,Unpracticed,0.375,Early
725,GA31,n200_c1-2_L_S1,Unpracticed,0.4375,Late
726,GA31,n200_c1-2_L_S1,Practiced,0.28125,Early
727,GA31,n200_c1-2_L_S1,Practiced,0.48263888888888884,Late
728,GA31,n200_c1_L_Postcentral,Unpracticed,0.3368055555555556,Early
729,GA31,n200_c1_L_Postcentral,Unpracticed,0.4131944444444444,Late
730,GA31,n200_c1_L_Postcentral,Practiced,0.2743055555555555,Early
731,GA31,n200_c1_L_Postcentral,Practiced,0.3993055555555556,Late
732,GA31,n200_c2_R_CerebellumIV-V,Unpracticed,0.25347222222222227,Early
733,GA31,n200_c2_R_CerebellumIV-V,Unpracticed,0.23611111111111113,Late
734,GA31,n200_c2_R_CerebellumIV-V,Practiced,0.2743055555555556,Early
735,GA31,n200_c2_R_CerebellumIV-V,Practiced,0.28125,Late
736,GA31,n200_c3_R_Postcentral,Unpracticed,0.34722222222222227,Early
737,GA31,n200_c3_R_Postcentral,Unpracticed,0.3194444444444444,Late
738,GA31,n200_c3_R_Postcentral,Practiced,0.2708333333333333,Early
739,GA31,n200_c3_R_Postcentral,Practiced,0.3055555555555556,Late
740,GA31,n200_c4_L_Putamen,Unpracticed,0.30902777777777785,Early
741,GA31,n200_c4_L_Putamen,Unpracticed,0.2881944444444445,Late
742,GA31,n200_c4_L_Putamen,Practiced,0.2743055555555556,Early
743,GA31,n200_c4_L_Putamen,Practiced,0.30902777777777773,Late
744,GA31,n200_c5_R_SMA,Unpracticed,0.2604166666666667,Early
745,GA31,n200_c5_R_SMA,Unpracticed,0.3090277777777778,Late
746,GA31,n200_c5_R_SMA,Practiced,0.2604166666666667,Early
747,GA31,n200_c5_R_SMA,Practiced,0.2604166666666667,Late
748,GA31,n200_c6_R_CerebellumVIIIb,Unpracticed,0.2604166666666667,Early
749,GA31,n200_c6_R_CerebellumVIIIb,Unpracticed,0.25347222222222227,Late
750,GA31,n200_c6_R_CerebellumVIIIb,Practiced,0.27777777777777773,Early
751,GA31,n200_c6_R_CerebellumVIIIb,Practiced,0.2708333333333333,Late
752,GA31,n200_c7_L_Thalamus,Unpracticed,0.3055555555555555,Early
753,GA31,n200_c7_L_Thalamus,Unpracticed,0.3263888888888889,Late
754,GA31,n200_c7_L_Thalamus,Practiced,0.2465277777777778,Early
755,GA31,n200_c7_L_Thalamus,Practiced,0.22916666666666666,Late
756,GA32,n200_c1-1_L_M1,Unpracticed,0.3645833333333333,Early
757,GA32,n200_c1-1_L_M1,Unpracticed,0.34027777777777773,Late
758,GA32,n200_c1-1_L_M1,Practiced,0.2881944444444444,Early
759,GA32,n200_c1-1_L_M1,Practiced,0.3055555555555556,Late
760,GA32,n200_c1-2_L_S1,Unpracticed,0.37847222222222227,Early
761,GA32,n200_c1-2_L_S1,Unpracticed,0.2881944444444444,Late
762,GA32,n200_c1-2_L_S1,Practiced,0.2951388888888889,Early
763,GA32,n200_c1-2_L_S1,Practiced,0.3993055555555556,Late
764,GA32,n200_c1_L_Postcentral,Unpracticed,0.3993055555555555,Early
765,GA32,n200_c1_L_Postcentral,Unpracticed,0.3645833333333333,Late
766,GA32,n200_c1_L_Postcentral,Practiced,0.3194444444444444,Early
767,GA32,n200_c1_L_Postcentral,Practiced,0.3541666666666667,Late
768,GA32,n200_c2_R_CerebellumIV-V,Unpracticed,0.3229166666666667,Early
769,GA32,n200_c2_R_CerebellumIV-V,Unpracticed,0.2743055555555556,Late
770,GA32,n200_c2_R_CerebellumIV-V,Practiced,0.22569444444444445,Early
771,GA32,n200_c2_R_CerebellumIV-V,Practiced,0.28125,Late
772,GA32,n200_c3_R_Postcentral,Unpracticed,0.28472222222222215,Early
773,GA32,n200_c3_R_Postcentral,Unpracticed,0.3020833333333333,Late
774,GA32,n200_c3_R_Postcentral,Practiced,0.31597222222222215,Early
775,GA32,n200_c3_R_Postcentral,Practiced,0.3020833333333333,Late
776,GA32,n200_c4_L_Putamen,Unpracticed,0.3333333333333333,Early
777,GA32,n200_c4_L_Putamen,Unpracticed,0.23958333333333334,Late
778,GA32,n200_c4_L_Putamen,Practiced,0.2604166666666667,Early
779,GA32,n200_c4_L_Putamen,Practiced,0.2569444444444445,Late
780,GA32,n200_c5_R_SMA,Unpracticed,0.3229166666666667,Early
781,GA32,n200_c5_R_SMA,Unpracticed,0.2847222222222222,Late
782,GA32,n200_c5_R_SMA,Practiced,0.2881944444444444,Early
783,GA32,n200_c5_R_SMA,Practiced,0.2743055555555555,Late
784,GA32,n200_c6_R_CerebellumVIIIb,Unpracticed,0.2465277777777778,Early
785,GA32,n200_c6_R_CerebellumVIIIb,Unpracticed,0.30902777777777773,Late
786,GA32,n200_c6_R_CerebellumVIIIb,Practiced,0.23611111111111108,Early
787,GA32,n200_c6_R_CerebellumVIIIb,Practiced,0.2465277777777778,Late
788,GA32,n200_c7_L_Thalamus,Unpracticed,0.3194444444444445,Early
789,GA32,n200_c7_L_Thalamus,Unpracticed,0.2777777777777778,Late
790,GA32,n200_c7_L_Thalamus,Practiced,0.2569444444444444,Early
791,GA32,n200_c7_L_Thalamus,Practiced,0.28472222222222227,Late
792,GA33,n200_c1-1_L_M1,Unpracticed,0.3819444444444444,Early
793,GA33,n200_c1-1_L_M1,Unpracticed,0.46874999999999994,Late
794,GA33,n200_c1-1_L_M1,Practiced,0.28125,Early
795,GA33,n200_c1-1_L_M1,Practiced,0.4444444444444444,Late
796,GA33,n200_c1-2_L_S1,Unpracticed,0.3576388888888889,Early
797,GA33,n200_c1-2_L_S1,Unpracticed,0.4166666666666667,Late
798,GA33,n200_c1-2_L_S1,Practiced,0.2604166666666667,Early
799,GA33,n200_c1-2_L_S1,Practiced,0.3888888888888889,Late
800,GA33,n200_c1_L_Postcentral,Unpracticed,0.3576388888888889,Early
801,GA33,n200_c1_L_Postcentral,Unpracticed,0.4513888888888889,Late
802,GA33,n200_c1_L_Postcentral,Practiced,0.28125,Early
803,GA33,n200_c1_L_Postcentral,Practiced,0.4305555555555555,Late
804,GA33,n200_c2_R_CerebellumIV-V,Unpracticed,0.3263888888888889,Early
805,GA33,n200_c2_R_CerebellumIV-V,Unpracticed,0.23958333333333334,Late
806,GA33,n200_c2_R_CerebellumIV-V,Practiced,0.2569444444444445,Early
807,GA33,n200_c2_R_CerebellumIV-V,Practiced,0.27777777777777773,Late
808,GA33,n200_c3_R_Postcentral,Unpracticed,0.3645833333333333,Early
809,GA33,n200_c3_R_Postcentral,Unpracticed,0.38888888888888884,Late
810,GA33,n200_c3_R_Postcentral,Practiced,0.2777777777777778,Early
811,GA33,n200_c3_R_Postcentral,Practiced,0.3506944444444444,Late
812,GA33,n200_c4_L_Putamen,Unpracticed,0.30902777777777785,Early
813,GA33,n200_c4_L_Putamen,Unpracticed,0.3368055555555555,Late
814,GA33,n200_c4_L_Putamen,Practiced,0.28125,Early
815,GA33,n200_c4_L_Putamen,Practiced,0.34027777777777773,Late
816,GA33,n200_c5_R_SMA,Unpracticed,0.24305555555555558,Early
817,GA33,n200_c5_R_SMA,Unpracticed,0.3298611111111111,Late
818,GA33,n200_c5_R_SMA,Practiced,0.25000000000000006,Early
819,GA33,n200_c5_R_SMA,Practiced,0.2881944444444444,Late
820,GA33,n200_c6_R_CerebellumVIIIb,Unpracticed,0.23611111111111113,Early
821,GA33,n200_c6_R_CerebellumVIIIb,Unpracticed,0.2743055555555555,Late
822,GA33,n200_c6_R_CerebellumVIIIb,Practiced,0.2708333333333333,Early
823,GA33,n200_c6_R_CerebellumVIIIb,Practiced,0.34375,Late
824,GA33,n200_c7_L_Thalamus,Unpracticed,0.2743055555555556,Early
825,GA33,n200_c7_L_Thalamus,Unpracticed,0.2847222222222222,Late
826,GA33,n200_c7_L_Thalamus,Practiced,0.2673611111111111,Early
827,GA33,n200_c7_L_Thalamus,Practiced,0.2604166666666667,Late
828,GA34,n200_c1-1_L_M1,Unpracticed,0.23611111111111113,Early
829,GA34,n200_c1-1_L_M1,Unpracticed,0.3680555555555556,Late
830,GA34,n200_c1-1_L_M1,Practiced,0.3645833333333333,Early
831,GA34,n200_c1-1_L_M1,Practiced,0.5451388888888888,Late
832,GA34,n200_c1-2_L_S1,Unpracticed,0.3333333333333333,Early
833,GA34,n200_c1-2_L_S1,Unpracticed,0.37847222222222227,Late
834,GA34,n200_c1-2_L_S1,Practiced,0.34375,Early
835,GA34,n200_c1-2_L_S1,Practiced,0.5902777777777778,Late
836,GA34,n200_c1_L_Postcentral,Unpracticed,0.3333333333333333,Early
837,GA34,n200_c1_L_Postcentral,Unpracticed,0.38888888888888884,Late
838,GA34,n200_c1_L_Postcentral,Practiced,0.3506944444444444,Early
839,GA34,n200_c1_L_Postcentral,Practiced,0.59375,Late
840,GA34,n200_c2_R_CerebellumIV-V,Unpracticed,0.30902777777777785,Early
841,GA34,n200_c2_R_CerebellumIV-V,Unpracticed,0.3125,Late
842,GA34,n200_c2_R_CerebellumIV-V,Practiced,0.3020833333333333,Early
843,GA34,n200_c2_R_CerebellumIV-V,Practiced,0.37152777777777773,Late
844,GA34,n200_c3_R_Postcentral,Unpracticed,0.27777777777777773,Early
845,GA34,n200_c3_R_Postcentral,Unpracticed,0.375,Late
846,GA34,n200_c3_R_Postcentral,Practiced,0.3125,Early
847,GA34,n200_c3_R_Postcentral,Practiced,0.4131944444444444,Late
848,GA34,n200_c4_L_Putamen,Unpracticed,0.2708333333333333,Early
849,GA34,n200_c4_L_Putamen,Unpracticed,0.3125,Late
850,GA34,n200_c4_L_Putamen,Practiced,0.34722222222222227,Early
851,GA34,n200_c4_L_Putamen,Practiced,0.3888888888888889,Late
852,GA34,n200_c5_R_SMA,Unpracticed,0.23263888888888892,Early
853,GA34,n200_c5_R_SMA,Unpracticed,0.2951388888888889,Late
854,GA34,n200_c5_R_SMA,Practiced,0.2743055555555555,Early
855,GA34,n200_c5_R_SMA,Practiced,0.3229166666666667,Late
856,GA34,n200_c6_R_CerebellumVIIIb,Unpracticed,0.2604166666666667,Early
857,GA34,n200_c6_R_CerebellumVIIIb,Unpracticed,0.2881944444444444,Late
858,GA34,n200_c6_R_CerebellumVIIIb,Practiced,0.2708333333333333,Early
859,GA34,n200_c6_R_CerebellumVIIIb,Practiced,0.31597222222222215,Late
860,GA34,n200_c7_L_Thalamus,Unpracticed,0.2743055555555556,Early
861,GA34,n200_c7_L_Thalamus,Unpracticed,0.28125,Late
862,GA34,n200_c7_L_Thalamus,Practiced,0.25,Early
863,GA34,n200_c7_L_Thalamus,Practiced,0.23263888888888887,Late
864,GA35,n200_c1-1_L_M1,Unpracticed,0.5173611111111112,Early
865,GA35,n200_c1-1_L_M1,Unpracticed,0.3055555555555555,Late
866,GA35,n200_c1-1_L_M1,Practiced,0.37847222222222227,Early
867,GA35,n200_c1-1_L_M1,Practiced,0.35763888888888884,Late
868,GA35,n200_c1-2_L_S1,Unpracticed,0.46527777777777773,Early
869,GA35,n200_c1-2_L_S1,Unpracticed,0.34722222222222227,Late
870,GA35,n200_c1-2_L_S1,Practiced,0.3611111111111111,Early
871,GA35,n200_c1-2_L_S1,Practiced,0.31597222222222227,Late
872,GA35,n200_c1_L_Postcentral,Unpracticed,0.4826388888888889,Early
873,GA35,n200_c1_L_Postcentral,Unpracticed,0.36111111111111116,Late
874,GA35,n200_c1_L_Postcentral,Practiced,0.3854166666666667,Early
875,GA35,n200_c1_L_Postcentral,Practiced,0.3298611111111111,Late
876,GA35,n200_c2_R_CerebellumIV-V,Unpracticed,0.29861111111111116,Early
877,GA35,n200_c2_R_CerebellumIV-V,Unpracticed,0.2916666666666667,Late
878,GA35,n200_c2_R_CerebellumIV-V,Practiced,0.32986111111111116,Early
879,GA35,n200_c2_R_CerebellumIV-V,Practiced,0.32986111111111116,Late
880,GA35,n200_c3_R_Postcentral,Unpracticed,0.3368055555555555,Early
881,GA35,n200_c3_R_Postcentral,Unpracticed,0.2604166666666667,Late
882,GA35,n200_c3_R_Postcentral,Practiced,0.2986111111111111,Early
883,GA35,n200_c3_R_Postcentral,Practiced,0.2638888888888889,Late
884,GA35,n200_c4_L_Putamen,Unpracticed,0.28125,Early
885,GA35,n200_c4_L_Putamen,Unpracticed,0.2465277777777778,Late
886,GA35,n200_c4_L_Putamen,Practiced,0.26736111111111116,Early
887,GA35,n200_c4_L_Putamen,Practiced,0.2152777777777778,Late
888,GA35,n200_c5_R_SMA,Unpracticed,0.2881944444444445,Early
889,GA35,n200_c5_R_SMA,Unpracticed,0.22569444444444445,Late
890,GA35,n200_c5_R_SMA,Practiced,0.3263888888888889,Early
891,GA35,n200_c5_R_SMA,Practiced,0.23611111111111113,Late
892,GA35,n200_c6_R_CerebellumVIIIb,Unpracticed,0.30208333333333337,Early
893,GA35,n200_c6_R_CerebellumVIIIb,Unpracticed,0.24652777777777776,Late
894,GA35,n200_c6_R_CerebellumVIIIb,Practiced,0.2465277777777778,Early
895,GA35,n200_c6_R_CerebellumVIIIb,Practiced,0.2708333333333333,Late
896,GA35,n200_c7_L_Thalamus,Unpracticed,0.25,Early
897,GA35,n200_c7_L_Thalamus,Unpracticed,0.2743055555555555,Late
898,GA35,n200_c7_L_Thalamus,Practiced,0.2673611111111111,Early
899,GA35,n200_c7_L_Thalamus,Practiced,0.25347222222222227,Late
900,GA36,n200_c1-1_L_M1,Unpracticed,0.3819444444444444,Early
901,GA36,n200_c1-1_L_M1,Unpracticed,0.34375,Late
902,GA36,n200_c1-1_L_M1,Practiced,0.34722222222222227,Early
903,GA36,n200_c1-1_L_M1,Practiced,0.4930555555555555,Late
904,GA36,n200_c1-2_L_S1,Unpracticed,0.34722222222222227,Early
905,GA36,n200_c1-2_L_S1,Unpracticed,0.36111111111111116,Late
906,GA36,n200_c1-2_L_S1,Practiced,0.34375,Early
907,GA36,n200_c1-2_L_S1,Practiced,0.4270833333333333,Late
908,GA36,n200_c1_L_Postcentral,Unpracticed,0.3541666666666667,Early
909,GA36,n200_c1_L_Postcentral,Unpracticed,0.3645833333333333,Late
910,GA36,n200_c1_L_Postcentral,Practiced,0.3125,Early
911,GA36,n200_c1_L_Postcentral,Practiced,0.4270833333333333,Late
912,GA36,n200_c2_R_CerebellumIV-V,Unpracticed,0.28472222222222227,Early
913,GA36,n200_c2_R_CerebellumIV-V,Unpracticed,0.30902777777777773,Late
914,GA36,n200_c2_R_CerebellumIV-V,Practiced,0.2916666666666667,Early
915,GA36,n200_c2_R_CerebellumIV-V,Practiced,0.27777777777777773,Late
916,GA36,n200_c3_R_Postcentral,Unpracticed,0.27777777777777773,Early
917,GA36,n200_c3_R_Postcentral,Unpracticed,0.3055555555555556,Late
918,GA36,n200_c3_R_Postcentral,Practiced,0.27777777777777773,Early
919,GA36,n200_c3_R_Postcentral,Practiced,0.2986111111111111,Late
920,GA36,n200_c4_L_Putamen,Unpracticed,0.26736111111111116,Early
921,GA36,n200_c4_L_Putamen,Unpracticed,0.34722222222222227,Late
922,GA36,n200_c4_L_Putamen,Practiced,0.2569444444444444,Early
923,GA36,n200_c4_L_Putamen,Practiced,0.34027777777777773,Late
924,GA36,n200_c5_R_SMA,Unpracticed,0.34027777777777773,Early
925,GA36,n200_c5_R_SMA,Unpracticed,0.2638888888888889,Late
926,GA36,n200_c5_R_SMA,Practiced,0.30902777777777773,Early
927,GA36,n200_c5_R_SMA,Practiced,0.2916666666666667,Late
928,GA36,n200_c6_R_CerebellumVIIIb,Unpracticed,0.2638888888888889,Early
929,GA36,n200_c6_R_CerebellumVIIIb,Unpracticed,0.31597222222222227,Late
930,GA36,n200_c6_R_CerebellumVIIIb,Practiced,0.3055555555555556,Early
931,GA36,n200_c6_R_CerebellumVIIIb,Practiced,0.2743055555555556,Late
932,GA36,n200_c7_L_Thalamus,Unpracticed,0.28125,Early
933,GA36,n200_c7_L_Thalamus,Unpracticed,0.26736111111111116,Late
934,GA36,n200_c7_L_Thalamus,Practiced,0.23611111111111113,Early
935,GA36,n200_c7_L_Thalamus,Practiced,0.2743055555555556,Late
936,GA37,n200_c1-1_L_M1,Unpracticed,0.42361111111111116,Early
937,GA37,n200_c1-1_L_M1,Unpracticed,0.3194444444444444,Late
938,GA37,n200_c1-1_L_M1,Practiced,0.2708333333333333,Early
939,GA37,n200_c1-1_L_M1,Practiced,0.3854166666666667,Late
940,GA37,n200_c1-2_L_S1,Unpracticed,0.4236111111111111,Early
941,GA37,n200_c1-2_L_S1,Unpracticed,0.3611111111111111,Late
942,GA37,n200_c1-2_L_S1,Practiced,0.29861111111111116,Early
943,GA37,n200_c1-2_L_S1,Practiced,0.36111111111111116,Late
944,GA37,n200_c1_L_Postcentral,Unpracticed,0.4270833333333333,Early
945,GA37,n200_c1_L_Postcentral,Unpracticed,0.3368055555555556,Late
946,GA37,n200_c1_L_Postcentral,Practiced,0.2916666666666667,Early
947,GA37,n200_c1_L_Postcentral,Practiced,0.3541666666666667,Late
948,GA37,n200_c2_R_CerebellumIV-V,Unpracticed,0.3229166666666667,Early
949,GA37,n200_c2_R_CerebellumIV-V,Unpracticed,0.2777777777777778,Late
950,GA37,n200_c2_R_CerebellumIV-V,Practiced,0.25,Early
951,GA37,n200_c2_R_CerebellumIV-V,Practiced,0.2916666666666667,Late
952,GA37,n200_c3_R_Postcentral,Unpracticed,0.3263888888888889,Early
953,GA37,n200_c3_R_Postcentral,Unpracticed,0.2604166666666667,Late
954,GA37,n200_c3_R_Postcentral,Practiced,0.3194444444444445,Early
955,GA37,n200_c3_R_Postcentral,Practiced,0.2743055555555556,Late
956,GA37,n200_c4_L_Putamen,Unpracticed,0.3263888888888889,Early
957,GA37,n200_c4_L_Putamen,Unpracticed,0.23611111111111108,Late
958,GA37,n200_c4_L_Putamen,Practiced,0.2916666666666667,Early
959,GA37,n200_c4_L_Putamen,Practiced,0.30902777777777773,Late
960,GA37,n200_c5_R_SMA,Unpracticed,0.31597222222222227,Early
961,GA37,n200_c5_R_SMA,Unpracticed,0.24652777777777776,Late
962,GA37,n200_c5_R_SMA,Practiced,0.2881944444444444,Early
963,GA37,n200_c5_R_SMA,Practiced,0.2638888888888889,Late
964,GA37,n200_c6_R_CerebellumVIIIb,Unpracticed,0.2847222222222222,Early
965,GA37,n200_c6_R_CerebellumVIIIb,Unpracticed,0.2569444444444445,Late
966,GA37,n200_c6_R_CerebellumVIIIb,Practiced,0.29861111111111116,Early
967,GA37,n200_c6_R_CerebellumVIIIb,Practiced,0.23958333333333334,Late
968,GA37,n200_c7_L_Thalamus,Unpracticed,0.2743055555555556,Early
969,GA37,n200_c7_L_Thalamus,Unpracticed,0.22569444444444445,Late
970,GA37,n200_c7_L_Thalamus,Practiced,0.24305555555555555,Early
971,GA37,n200_c7_L_Thalamus,Practiced,0.3055555555555556,Late
972,GA38,n200_c1-1_L_M1,Unpracticed,0.3020833333333333,Early
973,GA38,n200_c1-1_L_M1,Unpracticed,0.35763888888888884,Late
974,GA38,n200_c1-1_L_M1,Practiced,0.3055555555555555,Early
975,GA38,n200_c1-1_L_M1,Practiced,0.37152777777777773,Late
976,GA38,n200_c1-2_L_S1,Unpracticed,0.2638888888888889,Early
977,GA38,n200_c1-2_L_S1,Unpracticed,0.3645833333333333,Late
978,GA38,n200_c1-2_L_S1,Practiced,0.3125,Early
979,GA38,n200_c1-2_L_S1,Practiced,0.5208333333333334,Late
980,GA38,n200_c1_L_Postcentral,Unpracticed,0.25000000000000006,Early
981,GA38,n200_c1_L_Postcentral,Unpracticed,0.3368055555555556,Late
982,GA38,n200_c1_L_Postcentral,Practiced,0.2638888888888889,Early
983,GA38,n200_c1_L_Postcentral,Practiced,0.5034722222222222,Late
984,GA38,n200_c2_R_CerebellumIV-V,Unpracticed,0.24305555555555555,Early
985,GA38,n200_c2_R_CerebellumIV-V,Unpracticed,0.28472222222222227,Late
986,GA38,n200_c2_R_CerebellumIV-V,Practiced,0.2638888888888889,Early
987,GA38,n200_c2_R_CerebellumIV-V,Practiced,0.23611111111111108,Late
988,GA38,n200_c3_R_Postcentral,Unpracticed,0.2673611111111111,Early
989,GA38,n200_c3_R_Postcentral,Unpracticed,0.3055555555555555,Late
990,GA38,n200_c3_R_Postcentral,Practiced,0.3020833333333333,Early
991,GA38,n200_c3_R_Postcentral,Practiced,0.3263888888888889,Late
992,GA38,n200_c4_L_Putamen,Unpracticed,0.22569444444444442,Early
993,GA38,n200_c4_L_Putamen,Unpracticed,0.3020833333333333,Late
994,GA38,n200_c4_L_Putamen,Practiced,0.2708333333333333,Early
995,GA38,n200_c4_L_Putamen,Practiced,0.3298611111111111,Late
996,GA38,n200_c5_R_SMA,Unpracticed,0.2604166666666667,Early
997,GA38,n200_c5_R_SMA,Unpracticed,0.3333333333333333,Late
998,GA38,n200_c5_R_SMA,Practiced,0.2916666666666667,Early
999,GA38,n200_c5_R_SMA,Practiced,0.36111111111111116,Late
1000,GA38,n200_c6_R_CerebellumVIIIb,Unpracticed,0.2708333333333333,Early
1001,GA38,n200_c6_R_CerebellumVIIIb,Unpracticed,0.23958333333333334,Late
1002,GA38,n200_c6_R_CerebellumVIIIb,Practiced,0.2708333333333333,Early
1003,GA38,n200_c6_R_CerebellumVIIIb,Practiced,0.3263888888888889,Late
1004,GA38,n200_c7_L_Thalamus,Unpracticed,0.27777777777777773,Early
1005,GA38,n200_c7_L_Thalamus,Unpracticed,0.2916666666666667,Late
1006,GA38,n200_c7_L_Thalamus,Practiced,0.26041666666666663,Early
1007,GA38,n200_c7_L_Thalamus,Practiced,0.24305555555555558,Late
1008,GA42,n200_c1-1_L_M1,Unpracticed,0.28472222222222227,Early
1009,GA42,n200_c1-1_L_M1,Unpracticed,0.2986111111111111,Late
1010,GA42,n200_c1-1_L_M1,Practiced,0.3229166666666667,Early
1011,GA42,n200_c1-1_L_M1,Practiced,0.24652777777777776,Late
1012,GA42,n200_c1-2_L_S1,Unpracticed,0.37847222222222227,Early
1013,GA42,n200_c1-2_L_S1,Unpracticed,0.20138888888888892,Late
1014,GA42,n200_c1-2_L_S1,Practiced,0.3645833333333333,Early
1015,GA42,n200_c1-2_L_S1,Practiced,0.2708333333333333,Late
1016,GA42,n200_c1_L_Postcentral,Unpracticed,0.3263888888888889,Early
1017,GA42,n200_c1_L_Postcentral,Unpracticed,0.20833333333333334,Late
1018,GA42,n200_c1_L_Postcentral,Practiced,0.375,Early
1019,GA42,n200_c1_L_Postcentral,Practiced,0.2708333333333333,Late
1020,GA42,n200_c2_R_CerebellumIV-V,Unpracticed,0.2604166666666667,Early
1021,GA42,n200_c2_R_CerebellumIV-V,Unpracticed,0.23263888888888892,Late
1022,GA42,n200_c2_R_CerebellumIV-V,Practiced,0.29513888888888884,Early
1023,GA42,n200_c2_R_CerebellumIV-V,Practiced,0.2604166666666667,Late
1024,GA42,n200_c3_R_Postcentral,Unpracticed,0.2673611111111111,Early
1025,GA42,n200_c3_R_Postcentral,Unpracticed,0.2673611111111111,Late
1026,GA42,n200_c3_R_Postcentral,Practiced,0.2847222222222222,Early
1027,GA42,n200_c3_R_Postcentral,Practiced,0.2708333333333333,Late
1028,GA42,n200_c4_L_Putamen,Unpracticed,0.3055555555555556,Early
1029,GA42,n200_c4_L_Putamen,Unpracticed,0.24652777777777776,Late
1030,GA42,n200_c4_L_Putamen,Practiced,0.3263888888888889,Early
1031,GA42,n200_c4_L_Putamen,Practiced,0.2569444444444445,Late
1032,GA42,n200_c5_R_SMA,Unpracticed,0.3055555555555556,Early
1033,GA42,n200_c5_R_SMA,Unpracticed,0.25347222222222227,Late
1034,GA42,n200_c5_R_SMA,Practiced,0.2708333333333333,Early
1035,GA42,n200_c5_R_SMA,Practiced,0.2916666666666667,Late
1036,GA42,n200_c6_R_CerebellumVIIIb,Unpracticed,0.2673611111111111,Early
1037,GA42,n200_c6_R_CerebellumVIIIb,Unpracticed,0.28472222222222227,Late
1038,GA42,n200_c6_R_CerebellumVIIIb,Practiced,0.23611111111111108,Early
1039,GA42,n200_c6_R_CerebellumVIIIb,Practiced,0.23958333333333334,Late
1040,GA42,n200_c7_L_Thalamus,Unpracticed,0.26736111111111116,Early
1041,GA42,n200_c7_L_Thalamus,Unpracticed,0.25,Late
1042,GA42,n200_c7_L_Thalamus,Practiced,0.2708333333333333,Early
1043,GA42,n200_c7_L_Thalamus,Practiced,0.28472222222222227,Late
1044,GA44,n200_c1-1_L_M1,Unpracticed,0.4166666666666667,Early
1045,GA44,n200_c1-1_L_M1,Unpracticed,0.3368055555555556,Late
1046,GA44,n200_c1-1_L_M1,Practiced,0.30902777777777773,Early
1047,GA44,n200_c1-1_L_M1,Practiced,0.4444444444444444,Late
1048,GA44,n200_c1-2_L_S1,Unpracticed,0.4583333333333333,Early
1049,GA44,n200_c1-2_L_S1,Unpracticed,0.2951388888888889,Late
1050,GA44,n200_c1-2_L_S1,Practiced,0.34375,Early
1051,GA44,n200_c1-2_L_S1,Practiced,0.5590277777777778,Late
1052,GA44,n200_c1_L_Postcentral,Unpracticed,0.375,Early
1053,GA44,n200_c1_L_Postcentral,Unpracticed,0.3506944444444444,Late
1054,GA44,n200_c1_L_Postcentral,Practiced,0.36111111111111116,Early
1055,GA44,n200_c1_L_Postcentral,Practiced,0.5625,Late
1056,GA44,n200_c2_R_CerebellumIV-V,Unpracticed,0.32638888888888884,Early
1057,GA44,n200_c2_R_CerebellumIV-V,Unpracticed,0.28125,Late
1058,GA44,n200_c2_R_CerebellumIV-V,Practiced,0.2951388888888889,Early
1059,GA44,n200_c2_R_CerebellumIV-V,Practiced,0.3020833333333333,Late
1060,GA44,n200_c3_R_Postcentral,Unpracticed,0.34375,Early
1061,GA44,n200_c3_R_Postcentral,Unpracticed,0.2881944444444445,Late
1062,GA44,n200_c3_R_Postcentral,Practiced,0.2881944444444444,Early
1063,GA44,n200_c3_R_Postcentral,Practiced,0.34375,Late
1064,GA44,n200_c4_L_Putamen,Unpracticed,0.28472222222222227,Early
1065,GA44,n200_c4_L_Putamen,Unpracticed,0.3194444444444444,Late
1066,GA44,n200_c4_L_Putamen,Practiced,0.27777777777777773,Early
1067,GA44,n200_c4_L_Putamen,Practiced,0.28125,Late
1068,GA44,n200_c5_R_SMA,Unpracticed,0.3125,Early
1069,GA44,n200_c5_R_SMA,Unpracticed,0.25,Late
1070,GA44,n200_c5_R_SMA,Practiced,0.2743055555555555,Early
1071,GA44,n200_c5_R_SMA,Practiced,0.3020833333333333,Late
1072,GA44,n200_c6_R_CerebellumVIIIb,Unpracticed,0.2881944444444444,Early
1073,GA44,n200_c6_R_CerebellumVIIIb,Unpracticed,0.27777777777777773,Late
1074,GA44,n200_c6_R_CerebellumVIIIb,Practiced,0.32638888888888884,Early
1075,GA44,n200_c6_R_CerebellumVIIIb,Practiced,0.2951388888888889,Late
1076,GA44,n200_c7_L_Thalamus,Unpracticed,0.2881944444444444,Early
1077,GA44,n200_c7_L_Thalamus,Unpracticed,0.23611111111111108,Late
1078,GA44,n200_c7_L_Thalamus,Practiced,0.3020833333333333,Early
1079,GA44,n200_c7_L_Thalamus,Practiced,0.2708333333333333,Late
